id,?픽1,?픽2,?픽3,?픽4,?픽5,?픽6,?픽7,?픽8,?픽9,?픽10
0,?비???동??험,변??브랜??물류,?품,?너지,?약???품,,,,,
1,?공,부???결,?료,중국,?송,건강,건설,바이??건설,,
2,콘텐??성,변???재,?장???비???통,발전,게임,브랜??,,,,
3,방송,중국,금융,?력,?출,?물,기능,공사,치료,부?산
4,광고,?비,?산,가???통,?박,?비???력,?구개발,?통,,
5,교육,반도?계약,?조,미국,부???장???행,?약,?설,,,
6,기반,?출,?용,?용,공장,?공,?료,?비,?구,가?
7,모바????,?음,?출,?멘??철강,?력,?주,계약,?텔,,
8,?스?????부??항,지??계약,변???계,진행,?비??,,,,,
9,채널,?스???자??공장,?류,??,가??시가???목,?비??,,,,
10,?신,?품,?체,?발,?비??부???조,지??출시,백화??,,,
11,?품,??,?금,?구개발,?션,변??브랜??가??카???규모,,,,
12,?업???국,거래,?간,?립,?,공장,추진,??,?공,
13,?랫???료,?기,?균,?성,?운,?약????,?약,주택,,
14,?루???조,?품,?출,?국,컨테?너,참치,분야,미국,???,
15,?습,차량,금액,?동?법인,?립,출시,?랜???료,지??,,
16,?터??기계,?본,?라?틱,??,?결,변???전,??,공사,,
17,구축,?진,?항,가??료,구축,?국,?비??기반,?비,,
18,?용,구축,?험관?방법,?소,종합,?목,?설,?료,?라??,
19,?작,?재,?출,?디?스,?복,법인,?산?발주,?항,?포,
20,?로그램,?자,발생,?험,건설,?설,?료,발전??밀??차별,,
21,?보,?용,공정,거래,기반,?????출,?역,체결,건축,
22,?이???력,가???,?비,?행,?구개발,?국,백신,?,,
23,?????용,?무,?자,?조,?터,?제???로?트,비용,중심,,
24,출시,???기간,중국,?계,중국,?소,?료,?출,?핑,
25,마???친환??율,?학,차별,?출???비,?양??국,변??,,,,
26,?라??변???동???문,?유,?스???증,계약,?력,분양,,,,
27,????계,?익,?료,기록,지???계,?율,?본,?활,,
28,미디???동,?책,?율,개황,물동??규모,참여,?력,복합,,
29,?터,미국,?구개발,그룹,?장?유????,?본,?기,?사,?핑?,
30,분야,?산,??,?품,출시,?주,?약,??,???관?,
31,??,?심,?금,추이,?인,물량,?항,규모,규제,매장
32,규모,?장?유??보고,?기,규모,?천,?구,?무,규모,변??,
33,?통,?구,기?,공정,변??규모,?료,?자??맥주,?소,,
34,?트?크,?탈,?화,분야,증?,기반,?문,?재?에??,?인,?세?
35,가?자,?결,?함,?,?학,?임,?반,?책,질환,골프??
36,매체,공장,?생?품,발생,중심,?트?크,?상,???어?조직,?픈,
37,중심,?유,?름,조직,?입,?입,?용,?력,가???자??,
38,?역,?상,?료,?결,침체,보?,?출,?스??물질,??,
39,?문,기반,?금,?구,????항,????전,?함,?립,,
40,?마????,?출,가지,?극,?항,?당,진출,주류,?공,
41,?용,?료,측정,?승,?결,?상,진출,경험,변??채널,
42,보안,?주,방법,?장,?감,?기,지주회??구축,??,구매,
43,?무,?럽,?화,?장?유??로서,창고,콜마,?기,?럽,?울??,
44,?합,분야,?력,비료,?이??????결,발생,리니지,??,,
45,?결,?구개발,비용,?상,추진,처리,?균,?,?구??규제,
46,?진,모듈,비율,??,?럽,?력,?리,민간,?심,마???
47,?용,?계,?당,?자??구조,?병,중국,?력,?과,?국,
48,결제,관?목적,조건,?품,체결,추세,?전,?제,구축,
49,변??계약,?실,?음,진출,거점,????극,??,?품,,
50,차별,법인,?피,비용,진입,?배,?입,?방,?조,물류
51,그룹,추진,?기,브랜???재,?증,가??진행,??,?후,,
52,?소,출시,?용,?인,??,?산,차?,?찰,?균,추진
53,진행,로서,분석,?당,부??송,방법,?원,?회?????,,
54,출판,?감,?위,?수,불확??강?,?스??미국,마???공간,,,
55,?어,?본,?보,?입,부?산,?장?유??진행,?소,?후,?울,
56,진입,규제,매출채권,?간,?욱,?표??회???능,?립,구조,,
57,?위,?전,백만??지????,?위,비중,집단,?허,?계,,
58,기기,?립,금융기?,?게,?승,백만??증?,?치,분야,기반,
59,가?차용,조건,?위,?위,?출,조업,지???출,?태,,
60,?태,구성,채권,계약,?후,비?,?산,?력,과정,개점
61,케?블,진행,?시,추세,베트??추진,??,기반,?상?험,진출,
62,?심,?도,조직,관??용,??,중심,?전,?당,?의??,
63,?력,기기,?성,진입,주력,?합,?구???업??개량,문화,,
64,지?파,???체결,??,?자???율,차별,기기,?책,?작,,
65,방식,?율,거래?진행,구축,무역,?획,?후,?행,건설??,
66,?화,지??규제,구분,?회???통,?품,배?,?음,계약,,
67,?체,진입,?식,근거,마????운???생,?입,건강,?터,,
68,?라?드,방식,조달,가??채널,발생,?전,처리,지??지?,,
69,최초,차체,종료,?소,부가가?주식?사,????용,?품,?반,,
70,무선,?력,주식,?용,??,거래,가지,규제,로????렌??,
71,문화,?차,?용,변??기능,계열,경로,?기??계,?주,,
72,?회??비중,???부가가?분야,분할,?렌???심,?자,?극,,,,
73,로서,?극,?도,구성,분할,로서,구축,천연가??공시,가??,
74,?도,?상,최소,직접,지??상,미국,종합,?문,??,
75,?유,?선,???거래??상,발전,?태,?용,?과,?인??,,
76,?동?신,?증,검??금속,물량,?용,조직,??,공장,?리미엄,
77,조직,가???환,?주,차?,?승,?,?공,?주,?규모,
78,결합,??????,?라??코스,중심,?차,?박,??,?위,,
79,?국,?과,최?,경로,?제??조선,관???상,지???율,,,
80,?프??진출,금리,?반,구매,?감,거래,중공??모바??구분,,,
81,지??발생,???공업,?유,?비,?상,방식,?용,?스??,,
82,종합,주력,?공,?급,?기,??,?업,체결,공정,마트
83,?행,조립,?도,?목,?력,?프,발효,중심,중국,조직
84,?체,차종,지?로서,?????,분야,?정,?성,민간,,
85,?장,비용,?른,?당,비롯,기?,로서,?공,??,?재
86,?성,?작,가???제??비중,?스?주식?사,?탄,기록,?회,,,
87,기록,?스?레???의,기간,?포?????감??가??결과,진행,,,,,
88,직접,기능,?균,방식,?외,??,?리,?력발전??진출,비중,
89,?국,?능,근거,?성,?본,?락,?위,로서,?포,?쇼??
90,?마?폰,기아,건설,비중,집중,??,채널,?상,직접,?문
91,계약,가????,?리점,경쟁?위,관?캡슐,변??개요,주거,,,
92,?당,????소,?체,?리,?사,?인,보급,?공,?목,
93,경험,?치,추이,?재,?락,가?집중,?기,추?,최고,
94,?후,체제,개요,?계,?화,?작,마????량,목적,?장,
95,방송???뢰,경로,?금,맥스,?무,경쟁?위,축적,?결,?함,
96,추진,체계,?과,기능,진행,?욱,가???출,?간,목적,
97,?프?웨???소,공시,?책,매장,배합?료,진입,????력,?자?품,,
98,?장?유???문,구조,개요,?체,조업,규제,?용,?정,?장?유??,
99,?료,모델,?차,?단,가??험,?게,중동,?문,?파??,
100,?포?변??결정,기계,가지,??,구매,복합,?물,?욱,,
101,개인,메이??수,?생?품,?유?학,?강,가??공,병원,?시,,
102,컨텐???,매입,???어??작,체계,?음,?선,공동,가?,,
103,?럽,??항??립,규제,?수,?용,??,?용,보험,로서,
104,?함,?문,?도,??,?함,미국,?장?유???업,면역,매입,
105,?입,건축,?래,주로,?화,목적,?장,마루,??,?권
106,????계,변???용,?율,?프??보이,???구성,중국,,,,
107,구매,가지,증권,?구,?가,감천,?체,?방,?비???국,
108,?작,?,?무?표,?조?체,?료,?성,?원,?료,????고속?로,
109,비즈?스,체결,미래,????상,?과,?액,관??당,?용,,
110,?과,규모,?상,매입,?치,구조,?감,?생,?성,개황
111,카카???욱,주로,?동,계속,?료,?구,개황,?국,?치,
112,?금,마찰,모든,?도,?체,?항,?건,?비,?료,?인
113,컨택,?항,구성,?상,지??참여,?책,?작,방법,??,
114,?율,?인,지?규모,보이,?료,?용,?후,?신,?통??,
115,?립,직접,?용,??,??????추이,?립,최초,종합,,
116,컨설??차?,?입,?스??구분,배후,?설,??,?입,추세,,
117,비용,기?,분류,?부?변?성,?용,비용,결정,?반?약???터??,,
118,가??라???무,?혁,?려,?출,?조?로????류,?테리어,,,,
119,브랜??방법,?외,차?,?과,철광??최초,?프???방,베트??,,,
120,?극,???변???유,?건,?상,주력,주택,과제,?득,,
121,?하???체,조정,?승,?측,?국?강,????역,가???행,,,
122,?력,?무,?진,증?,건축,?국,?욱,?구개발,?공,?치
123,?선,공정,기적,베트???반,기간,?드,목표,가지,?의,
124,금융,중심,?자,건축,주식?사,거래??재,?상,?시,?료,
125,구성,증?,리스???동???환,?역,?리미엄,병합,?행,?입,,
126,?항,구조,?당,?료,가??중량,직접,?금,금액,?문,
127,?합,?형,?금,??,?재,??,지???문,?른,?목,
128,?용??구분,?기,기초,?목,공장,구성,?자??래,?문??,,
129,관??,????험관??????국,?후,최초,분석,기능,,,,
130,?성,?수?고려,조달,?려?,?주,?문,?성,?도,모바??,
131,?신,?목,만기,?포??존,?장,?승,???로서,?리,,
132,진출,?성,?용?급,?성,?위,??,??,친환??보,집중,
133,부가,집중,법인,?국,?기,변??최고,?도,발생,?용,
134,미래,?행,법률,?의,?정,?소,간장,체계,?이?스,진입
135,구분,매우,???건설,관??건,?수,고압,백만??발전,,,
136,?반,?복,?반,보이,?도?시??진출,?극,?운??차?,?상,,
137,본?,?너지,?본구조,?치,그룹,개장,?입,????인,?체,
138,?상,지??분야,?기,?개,조달,?낵,진단,?학,?상,
139,발생,기록,?단,?름,부?비용,?생???작,?점,?도,,
140,?성,?작,?과,?무?표,?간,?택,매우,과정,비중,골프
141,?편,?체,?정,?위,?장,?품,??스,??,?작,?성??
142,?화,최초,지주회???립,금융?장,비중,??,기계,?????정,,
143,광고??의,기재,?래,?인,?간,?료,중국,?이?진??게,,
144,지???비???행,친환?목표,?돈,?장,?측,?스,?주,,,
145,?문,??,채무,콘크리트,????수,계절,?과,?수,?체,
146,기획,조직,발행,증설,?신,?책,??,????설,구성,
147,?프?인,?객,구분,?감,무역,???발전,가지,준?면세??,,
148,가??보수,?문,?프,?,?하???동,??,?명,?션,,
149,맞춤,?장,차입,매우,??,차?,부가가??규모,부가가?보이,,
150,로???물량,?화,?유,?수,?함,관?충전,?승,?로,,
151,?인,부?규정,?구??불구,?의,?험,?유,?약?사,?용,,
152,지????,?주,구매,비용,?보,추진,?환,?제,건물,
153,????함,?구,?인,방식,?료,개척,?감,?약,계절,
154,방송광고,?출,?보,?후,?상,최신,?화,?수,?용,조사
155,?상,조달,?시,구조,?활???주,기반,?증,별도,법률,
156,?자,물질,민감,?정,최고,곡물,지??급,?입,침체,
157,모델,로????기,?체,기획,축산?그룹,지??험,?퍼마켓,,,
158,?서,?인,규모,?인,?심,가?주로,?진,?뇨?관광객,,
159,?산,???행,?입,??,방법,?매,?함,?세??무,,
160,?게,?제??별도,공작기계,발전,?당,계약,물량,보고???정,,
161,가지,?도,관??루미늄,?세??중공???체,?문,?상,직영,,,
162,컴퍼??발전,?괄,?동???게,?의??기초,기여,?수,빌딩,,,
163,게임,목표,?도,?함,지주회???계,?심,진입,개황,변?,
164,?신???용,보증,???무?표,지???태,준?변?참여,,,,,
165,?원,?부?지???무,민간,최?,?라???당,?편,?화,,,
166,분석,추정,?간,?종,?화,가???작,?도,???가?,,
167,금제,?입,차감,반도?목적,강재,?료기기,미래,기간,??,
168,????조?????부?바이??부지,?구,보수,보건,?항,,,,,
169,?용,?비,??,체제,계열,개시,?럽,조선,만료,방법
170,증?,?균,?한,가???반,?익,?과,?유?학,?국???프?인,,
171,보급,추세,?생,추진,최악,추?,?표,?행,?로?트,가지
172,?비???게,반영,??,?목,?후,구조,?장?유??리?,?장,,
173,?러???도,?편,?보,??,?업,?유,기간,?용,급식,
174,기?,?서,?폐,?원,?트???치,?입,차?,??,?과,
175,?쇼??금호,직접,계절,?문,지?법인,??,?율,??,,
176,?과,?구??과거,?량,?과,??,?허,?위,구분,?용,
177,기간,미래,?승,지???,집중,?록,?량,취득,최초,
178,체계,?루미늄,?기,?트,최초,?선,추구,?력,?시??비용,
179,??,각종,????벽,?문,?율,개황,?치,기재,?원,
180,?용??부가가?결제,?수?별도,직접,카테고리,추세,?정,발생,,,
181,?벽,비롯,?출,??,?률,?환,?의,?과,?전???하??,
182,차?,본사,??,부???책,?본,?품?방?,?업,?무,,
183,?의,?동???회??무역,?진?증?,?빙,보일???체,부??,,,,
184,?욱,최고,?형,?반,증설,?철,?도,??,?의,??
185,?계,거래,부?산,?른,고급,????회,?계,?탁,?보,
186,?라???기,분할,?산??개척,?시,?라??공장,구축,주식?사,,,
187,?휴,?기??환,부???시,?편,목표,비용,?판,?건,,
188,최고,공항,?반,????편,?입,?의,조직,관??게??,,
189,?료,?외,?정,?고,중동,?태,?험관?부?처방,분야,,
190,?자,기간,?사결정,?본,거래,금융,??,기본,?,배송
191,?산,조업,계절,최종,본격,마련,?유,발굴,추진,법인
192,?웃?싱,?박,?측,?태,기?,구분,문화,교체,기능,부지
193,보이,브레?크,?설,집약,?구,철근,매입,?유,?웃,?급
194,방문,변?기????품,추세,차량,공정,발전??용,?과,,,
195,?러???방,?용,?성,비교,?부?급식,각종,진단,?라??,,
196,?너지,최?,기초,?과,진양,최초,지???립,반응,가??,
197,별도,?후,보고??리복,??,?인,?주,?생?너지,?능,?행,
198,??,??어,?조,?과,?기,?정,?율,?인,복합,추?
199,발전,?레,각각,고급,?시,?득,?망,침체,?장?유??고급,
200,비중,?율,?인,비철금속,?상,?진,?당,???진행??책,,
